"clientID","email","lastname","name","personalCode","city"
"48","kraiggraham@mailinator.com","Graham","Kraig","327246","Kuala Lumpur"
"49","jeramybeier@mailinator.com","Beier","Jeramy","58163","Malabo"
"50","maiwalter@mailinator.com","Walter","Mai","192212","Podgorica"
"51","anastaciamedhurst@mailinator.com","Medhurst","Anastacia","125369","Seoul"
"52","lindsayheathcote@mailinator.com","Heathcote","Lindsay","337956","El-Aaiún"
"53","chuckpredovic@mailinator.com","Predovic","Chuck","329405","Yamoussoukro"
"54","jamaalmuller@mailinator.com","Muller","Jamaal","30353","Sao Tome"
"55","hiramfeest@mailinator.com","Feest","Hiram","335917","Belgrade"
"56","isisjohns@mailinator.com","Johns","Isis","63388","Skopje"
"57","chinasimonis@mailinator.com","Simonis","China","145474","Panama City"
"58","isaiasframi@mailinator.com","Frami","Isaias","226973","Manama"
59,blythefeest@mailinator.com,Feest,Blythe,"180483","Port of Spain"
,,,,"60","michaelacassin@mailinator.com","Cassin","Michaela","211915","Amsterdam"
"61","dahliaadams@mailinator.com","Adams","Dahlia","260576","Ulaanbaatar"
"62","susannader@mailinator.com","Nader","Susan","176728","Vilnius"
"63","reganlindgren@mailinator.com","Lindgren","Regan","222423","Astana"
"64","malikterry@mailinator.com","Terry","Malik","139535","Kingstown"
